BANKEX,230519,230515,230519
BANKEX,230526,230519,230526
BANKEX,230602,230602,230602
BANKEX,230609,230609,230609
BANKEX,230616,230616,230616
BANKEX,230630,230626,230630
BANKEX,230707,230703,230707
BANKEX,230714,230714,230714
BANKEX,230721,230721,230721
BANKEX,230728,230728,230728
BANKEX,230804,230804,230804
BANKEX,230811,230811,230811
BANKEX,230818,230818,230818
BANKEX,230825,230825,230825
BANKEX,230901,230901,230901
BANKEX,230908,230908,230908
BANKEX,230915,230915,230915
BANKEX,230929,230929,230929
BANKEX,231006,231005,231006
BANKEX,231013,231013,231013
BANKEX,231016,231016,231016
BANKEX,231023,231017,231023
BANKEX,231030,231023,231030
BANKEX,231106,231030,231106
BANKEX,231113,231102,231113
BANKEX,231120,231110,231120
BANKEX,231124,231117,231124
BANKEX,231204,231122,231204
BANKEX,231211,231201,231211
BANKEX,231218,231205,231218
BANKEX,231222,231214,231222
BANKEX,240101,231220,240101
BANKEX,240108,231229,240108
BANKEX,240115,240105,240115
BANKEX,240120,240120,240120
BANKEX,240122,231222,240119
BANKEX,240129,240117,240129
BANKEX,240205,240129,240205
BANKEX,240212,240116,240212
BANKEX,240219,240202,240219
BANKEX,240226,240201,240226
BANKEX,240304,240223,240304
BANKEX,240311,240226,240311
BANKEX,240318,240304,240318
BANKEX,240322,240315,240322
BANKEX,240401,240319,240401
BANKEX,240408,240326,240408
BANKEX,240415,240403,240415
BANKEX,240422,240410,240422
BANKEX,240429,240403,240429
BANKEX,240506,240409,240506
BANKEX,240513,240430,240513
BANKEX,240517,240508,240517
BANKEX,240527,240319,240527
BANKEX,240603,240521,240603
BANKEX,240610,240531,240610
BANKEX,240614,240606,240614
BANKEX,240624,240603,240624
BANKEX,240701,240618,240701
BANKEX,240708,240626,240708
BANKEX,240715,240705,240715
BANKEX,240722,240712,240722
BANKEX,240729,240701,240729
BANKEX,240805,240724,240805
BANKEX,240812,240801,240812
BANKEX,240819,240808,240819
BANKEX,240826,240812,240826
BANKEX,240902,240820,240902
BANKEX,240909,240827,240909
BANKEX,240916,240904,240916
BANKEX,240923,240904,240923
BANKEX,240930,240902,240930
BANKEX,241007,240918,241007
BANKEX,241014,240930,241014
BANKEX,241021,240923,241021
BANKEX,241028,241008,241028
BANKEX,241104,240930,241104
BANKEX,241111,241022,241111
BANKEX,241118,241104,241118
BANKEX,241125,240917,241125
BANKEX,241230,241104,241230
BANKEX,250127,241104,241231
BANKEX,250128,250101,250128
BANKEX,250224,241212,241231
BANKEX,250225,250101,250225
BANKEX,250325,250122,250325
BANKEX,250429,250311,250429
BANKEX,250527,250415,250527
BANKEX,250624,250520,250624
BANKEX,250729,250623,250729
BANKEX,250826,250710,250826
BANKEX,250925,250728,250925
BANKEX,251030,250828,251030
BANKEX,251127,250901,251127
BANKEX,251224,250929,251224
BANKEX,260129,251111,260129
BANKEX,260226,251230,260226
BANKEX,260325,260219,260325
BANKEX,260430,260216,260430
BANKEX,260527,260330,260527
BANKEX,260625,260506,260625
BANKEX,260730,260624,260625
BANKEX,260827,,
BANKEX,260924,,
BANKNIFTY,190103,190101,190103
BANKNIFTY,190110,190101,190110
BANKNIFTY,190117,190101,190117
BANKNIFTY,190124,190101,190124
BANKNIFTY,190131,190101,190131
BANKNIFTY,190207,190101,190207
BANKNIFTY,190214,190101,190214
BANKNIFTY,190221,190101,190221
BANKNIFTY,190228,190101,190228
BANKNIFTY,190307,190104,190307
BANKNIFTY,190314,190111,190314
BANKNIFTY,190320,190118,190320
BANKNIFTY,190328,190101,190328
BANKNIFTY,190404,190125,190404
BANKNIFTY,190411,190208,190411
BANKNIFTY,190418,190215,190418
BANKNIFTY,190425,190201,190425
BANKNIFTY,190502,190222,190502
BANKNIFTY,190509,190308,190509
BANKNIFTY,190516,190315,190516
BANKNIFTY,190523,190322,190523
BANKNIFTY,190530,190301,190530
BANKNIFTY,190606,190405,190606
BANKNIFTY,190613,190412,190613
BANKNIFTY,190620,190422,190620
BANKNIFTY,190627,190329,190627
BANKNIFTY,190704,190503,190704
BANKNIFTY,190711,190510,190711
BANKNIFTY,190718,190517,190718
BANKNIFTY,190725,190426,190725
BANKNIFTY,190801,190524,190801
BANKNIFTY,190808,190607,190808
BANKNIFTY,190814,190614,190814
BANKNIFTY,190822,190621,190822
BANKNIFTY,190829,190531,190829
BANKNIFTY,190905,190705,190905
BANKNIFTY,190912,190712,190912
BANKNIFTY,190919,190719,190919
BANKNIFTY,190926,190628,190926
BANKNIFTY,191003,190802,191003
BANKNIFTY,191010,190809,191010
BANKNIFTY,191017,190816,191017
BANKNIFTY,191024,190823,191024
BANKNIFTY,191031,190726,191031
BANKNIFTY,191107,190906,191107
BANKNIFTY,191114,190913,191114
BANKNIFTY,191121,190920,191121
BANKNIFTY,191128,190830,191128
BANKNIFTY,191205,191004,191205
BANKNIFTY,191212,191011,191212
BANKNIFTY,191219,191018,191219
BANKNIFTY,191226,190927,191226
BANKNIFTY,200102,191025,200102
BANKNIFTY,200109,191108,200109
BANKNIFTY,200116,191115,200116
BANKNIFTY,200123,191122,200123
BANKNIFTY,200130,191101,200130
BANKNIFTY,200206,191206,200206
BANKNIFTY,200213,191213,200213
BANKNIFTY,200220,191220,200220
BANKNIFTY,200227,191129,200227
BANKNIFTY,200305,200103,200305
BANKNIFTY,200312,200110,200312
BANKNIFTY,200319,200117,200319
BANKNIFTY,200326,191227,200326
BANKNIFTY,200401,200124,200401
BANKNIFTY,200409,200207,200409
BANKNIFTY,200416,200214,200416
BANKNIFTY,200423,200224,200423
BANKNIFTY,200430,200131,200430
BANKNIFTY,200507,200306,200507
BANKNIFTY,200514,200313,200514
BANKNIFTY,200521,200320,200521
BANKNIFTY,200528,200228,200528
BANKNIFTY,200604,200403,200604
BANKNIFTY,200611,200413,200611
BANKNIFTY,200618,200417,200618
BANKNIFTY,200625,200327,200625
BANKNIFTY,200702,200424,200702
BANKNIFTY,200709,200508,200709
BANKNIFTY,200716,200515,200716
BANKNIFTY,200723,200522,200723
BANKNIFTY,200730,200504,200730
BANKNIFTY,200806,200605,200806
BANKNIFTY,200813,200612,200813
BANKNIFTY,200820,200619,200820
BANKNIFTY,200827,200529,200827
BANKNIFTY,200903,200703,200903
BANKNIFTY,200910,200710,200910
BANKNIFTY,200917,200717,200917
BANKNIFTY,200924,200626,200924
BANKNIFTY,201001,200724,201001
BANKNIFTY,201008,200807,201008
BANKNIFTY,201015,200814,201015
BANKNIFTY,201022,200821,201022
BANKNIFTY,201029,200731,201029
BANKNIFTY,201105,200904,201105
BANKNIFTY,201112,200911,201112
BANKNIFTY,201119,200918,201119
BANKNIFTY,201126,200828,201126
BANKNIFTY,201203,201005,201203
BANKNIFTY,201210,201009,201210
BANKNIFTY,201217,201016,201217
BANKNIFTY,201224,201023,201224
BANKNIFTY,201231,200925,201231
BANKNIFTY,210107,201106,210107
BANKNIFTY,210114,201113,210114
BANKNIFTY,210121,201120,210121
BANKNIFTY,210128,201030,210128
BANKNIFTY,210204,201204,210204
BANKNIFTY,210211,201211,210211
BANKNIFTY,210218,201218,210218
BANKNIFTY,210225,201127,210225
BANKNIFTY,210304,201228,210304
BANKNIFTY,210310,210108,210310
BANKNIFTY,210318,210115,210318
BANKNIFTY,210325,201030,210325
BANKNIFTY,210401,210122,210401
BANKNIFTY,210408,210205,210408
BANKNIFTY,210415,210212,210415
BANKNIFTY,210422,210219,210422
BANKNIFTY,210429,210129,210429
BANKNIFTY,210506,210305,210506
BANKNIFTY,210512,210312,210512
BANKNIFTY,210520,210319,210520
BANKNIFTY,210527,210226,210527
BANKNIFTY,210603,210405,210603
BANKNIFTY,210610,210409,210610
BANKNIFTY,210617,210416,210617
BANKNIFTY,210624,201030,210624
BANKNIFTY,210701,210423,210701
BANKNIFTY,210708,210507,210708
BANKNIFTY,210715,210514,210715
BANKNIFTY,210722,210521,210722
BANKNIFTY,210729,210430,210729
BANKNIFTY,210805,210604,210805
BANKNIFTY,210812,210611,210812
BANKNIFTY,210818,210618,210818
BANKNIFTY,210826,210528,210826
BANKNIFTY,210902,210702,210902
BANKNIFTY,210909,210709,210909
BANKNIFTY,210916,210716,210916
BANKNIFTY,210923,210723,210923
BANKNIFTY,210930,201030,210930
BANKNIFTY,211007,210806,211007
BANKNIFTY,211014,210813,211014
BANKNIFTY,211021,210820,211021
BANKNIFTY,211028,210730,211028
BANKNIFTY,211103,210903,211103
BANKNIFTY,211111,210913,211111
BANKNIFTY,211118,210917,211118
BANKNIFTY,211125,210827,211125
BANKNIFTY,211202,210924,211202
BANKNIFTY,211209,211008,211209
BANKNIFTY,211216,211018,211216
BANKNIFTY,211223,211022,211223
BANKNIFTY,211230,210101,211230
BANKNIFTY,220106,211104,220106
BANKNIFTY,220113,211112,220113
BANKNIFTY,220120,211122,220120
BANKNIFTY,220127,211029,220127
BANKNIFTY,220203,211203,220203
BANKNIFTY,220210,211210,220210
BANKNIFTY,220217,211217,220217
BANKNIFTY,220224,211126,220224
BANKNIFTY,220303,211224,220303
BANKNIFTY,220310,220107,220310
BANKNIFTY,220317,220114,220317
BANKNIFTY,220324,220121,220324
BANKNIFTY,220331,210326,220331
BANKNIFTY,220407,220304,220407
BANKNIFTY,220413,220311,220413
BANKNIFTY,220421,220321,220421
BANKNIFTY,220428,220128,220428
BANKNIFTY,220505,220325,220505
BANKNIFTY,220512,220408,220512
BANKNIFTY,220519,220418,220519
BANKNIFTY,220526,220225,220526
BANKNIFTY,220602,220422,220602
BANKNIFTY,220609,220506,220609
BANKNIFTY,220616,220513,220616
BANKNIFTY,220623,220520,220623
BANKNIFTY,220630,210625,220630
BANKNIFTY,220707,220603,220707
BANKNIFTY,220714,220610,220714
BANKNIFTY,220721,220617,220721
BANKNIFTY,220728,220429,220728
BANKNIFTY,220804,220624,220804
BANKNIFTY,220811,220708,220811
BANKNIFTY,220818,220715,220818
BANKNIFTY,220825,220527,220825
BANKNIFTY,220901,220722,220901
BANKNIFTY,220908,220805,220908
BANKNIFTY,220915,220812,220915
BANKNIFTY,220922,220819,220922
BANKNIFTY,220929,211001,220929
BANKNIFTY,221006,220902,221006
BANKNIFTY,221013,220909,221013
BANKNIFTY,221020,220916,221020
BANKNIFTY,221027,220729,221027
BANKNIFTY,221103,220923,221103
BANKNIFTY,221110,221007,221110
BANKNIFTY,221117,221014,221117
BANKNIFTY,221124,220826,221124
BANKNIFTY,221201,221021,221201
BANKNIFTY,221208,221104,221208
BANKNIFTY,221215,221111,221215
BANKNIFTY,221222,221118,221222
BANKNIFTY,221229,211231,221229
BANKNIFTY,230105,221202,230105
BANKNIFTY,230112,221209,230112
BANKNIFTY,230119,221216,230119
BANKNIFTY,230125,221028,230125
BANKNIFTY,230202,221223,230202
BANKNIFTY,230209,230106,230209
BANKNIFTY,230216,230113,230216
BANKNIFTY,230223,221125,230223
BANKNIFTY,230302,230120,230302
BANKNIFTY,230309,230203,230309
BANKNIFTY,230316,230210,230316
BANKNIFTY,230323,230217,230323
BANKNIFTY,230329,221222,230329
BANKNIFTY,230330,220401,221221
BANKNIFTY,230406,230303,230406
BANKNIFTY,230413,230310,230413
BANKNIFTY,230420,230317,230420
BANKNIFTY,230427,230127,230427
BANKNIFTY,230504,230324,230504
BANKNIFTY,230511,230410,230511
BANKNIFTY,230518,230417,230518
BANKNIFTY,230525,230224,230525
BANKNIFTY,230601,230421,230601
BANKNIFTY,230608,230505,230608
BANKNIFTY,230615,230512,230615
BANKNIFTY,230622,230519,230622
BANKNIFTY,230628,230628,230628
BANKNIFTY,230629,220701,230627
BANKNIFTY,230706,230602,230706
BANKNIFTY,230713,230609,230713
BANKNIFTY,230720,230616,230720
BANKNIFTY,230727,230428,230727
BANKNIFTY,230803,230623,230803
BANKNIFTY,230810,230707,230810
BANKNIFTY,230817,230714,230817
BANKNIFTY,230824,230721,230824
BANKNIFTY,230831,230526,230831
BANKNIFTY,230906,230904,230906
BANKNIFTY,230907,230804,230901
BANKNIFTY,230913,230904,230913
BANKNIFTY,230914,230811,230901
BANKNIFTY,230920,230904,230920
BANKNIFTY,230921,230818,230901
BANKNIFTY,230928,220930,230928
BANKNIFTY,231004,230904,231004
BANKNIFTY,231005,230825,230901
BANKNIFTY,231011,230907,231011
BANKNIFTY,231018,230914,231018
BANKNIFTY,231026,230728,231026
BANKNIFTY,231101,230921,231101
BANKNIFTY,231108,231005,231108
BANKNIFTY,231115,231012,231115
BANKNIFTY,231122,231019,231122
BANKNIFTY,231130,230901,231130
BANKNIFTY,231206,231102,231206
BANKNIFTY,231213,231109,231213
BANKNIFTY,231220,231116,231220
BANKNIFTY,231228,221230,231228
BANKNIFTY,240103,231123,240103
BANKNIFTY,240110,231207,240110
BANKNIFTY,240117,231214,240117
BANKNIFTY,240125,231027,240125
BANKNIFTY,240131,231221,240131
BANKNIFTY,240207,240104,240207
BANKNIFTY,240214,240111,240214
BANKNIFTY,240221,240118,240221
BANKNIFTY,240229,231201,240229
BANKNIFTY,240306,240201,240306
BANKNIFTY,240313,240208,240313
BANKNIFTY,240320,240215,240320
BANKNIFTY,240327,240301,240327
BANKNIFTY,240328,230331,240229
BANKNIFTY,240403,240222,240403
BANKNIFTY,240410,240307,240410
BANKNIFTY,240416,240314,240416
BANKNIFTY,240424,240301,240424
BANKNIFTY,240425,240129,240229
BANKNIFTY,240430,240321,240430
BANKNIFTY,240508,240404,240508
BANKNIFTY,240515,240412,240515
BANKNIFTY,240522,240418,240522
BANKNIFTY,240529,240301,240529
BANKNIFTY,240605,240502,240605
BANKNIFTY,240612,240509,240612
BANKNIFTY,240619,240516,240619
BANKNIFTY,240626,240301,240626
BANKNIFTY,240627,230630,240229
BANKNIFTY,240703,240523,240703
BANKNIFTY,240710,240606,240710
BANKNIFTY,240716,240613,240716
BANKNIFTY,240724,240620,240724
BANKNIFTY,240731,240425,240731
BANKNIFTY,240807,240704,240807
BANKNIFTY,240814,240711,240814
BANKNIFTY,240821,240718,240821
BANKNIFTY,240828,240530,240828
BANKNIFTY,240904,240725,240904
BANKNIFTY,240911,240808,240911
BANKNIFTY,240918,240816,240918
BANKNIFTY,240925,240301,240925
BANKNIFTY,240926,230929,240229
BANKNIFTY,241001,240822,241001
BANKNIFTY,241009,240905,241009
BANKNIFTY,241016,240912,241016
BANKNIFTY,241023,240919,241023
BANKNIFTY,241030,240801,241030
BANKNIFTY,241106,241003,241106
BANKNIFTY,241113,241010,241113
BANKNIFTY,241127,240829,241127
BANKNIFTY,241224,240301,241224
BANKNIFTY,241226,231229,240229
BANKNIFTY,250129,241031,250101
BANKNIFTY,250130,250102,250130
BANKNIFTY,250226,241128,250101
BANKNIFTY,250227,250102,250227
BANKNIFTY,250326,240328,250101
BANKNIFTY,250327,250102,250327
BANKNIFTY,250424,250131,250424
BANKNIFTY,250529,250228,250529
BANKNIFTY,250625,240627,250101
BANKNIFTY,250626,250102,250626
BANKNIFTY,250731,250425,250731
BANKNIFTY,250828,250530,250828
BANKNIFTY,250924,240926,250101
BANKNIFTY,250925,250102,250731
BANKNIFTY,250930,250801,250930
BANKNIFTY,251028,250801,251028
BANKNIFTY,251125,250829,251125
BANKNIFTY,251224,250102,250731
BANKNIFTY,251230,250801,251230
BANKNIFTY,251231,241226,250101
BANKNIFTY,260127,251029,260127
BANKNIFTY,260224,251126,260224
BANKNIFTY,260326,250328,250731
BANKNIFTY,260330,251229,260330
BANKNIFTY,260331,250801,251226
BANKNIFTY,260428,260128,260428
BANKNIFTY,260526,260225,260526
BANKNIFTY,260630,250627,260625
BANKNIFTY,260728,260429,260625
BANKNIFTY,260825,260527,260625
BANKNIFTY,260929,251001,260625
BANKNIFTY,261229,251231,260625
BANKNIFTY,270330,260401,260625
FINNIFTY,210114,210111,210114
FINNIFTY,210121,210111,210121
FINNIFTY,210128,210111,210128
FINNIFTY,210204,210111,210204
FINNIFTY,210211,210111,210211
FINNIFTY,210218,210111,210218
FINNIFTY,210225,210111,210225
FINNIFTY,210304,210111,210304
FINNIFTY,210310,210111,210310
FINNIFTY,210318,210115,210318
FINNIFTY,210325,210111,210325
FINNIFTY,210401,210122,210401
FINNIFTY,210408,210205,210408
FINNIFTY,210415,210212,210415
FINNIFTY,210422,210219,210422
FINNIFTY,210429,210129,210429
FINNIFTY,210506,210305,210506
FINNIFTY,210512,210312,210512
FINNIFTY,210520,210319,210520
FINNIFTY,210527,210226,210527
FINNIFTY,210603,210405,210603
FINNIFTY,210610,210409,210610
FINNIFTY,210617,210416,210617
FINNIFTY,210624,210326,210624
FINNIFTY,210701,210423,210701
FINNIFTY,210708,210507,210708
FINNIFTY,210715,210514,210715
FINNIFTY,210722,210521,210722
FINNIFTY,210729,210430,210729
FINNIFTY,210805,210604,210805
FINNIFTY,210812,210611,210812
FINNIFTY,210818,210618,210818
FINNIFTY,210826,210528,210826
FINNIFTY,210902,210702,210902
FINNIFTY,210909,210709,210909
FINNIFTY,210916,210716,210916
FINNIFTY,210923,210723,210923
FINNIFTY,210930,210625,210930
FINNIFTY,211007,210806,211007
FINNIFTY,211014,210813,211014
FINNIFTY,211019,211018,211019
FINNIFTY,211021,210820,211014
FINNIFTY,211026,211018,211026
FINNIFTY,211028,210730,211014
FINNIFTY,211102,211018,211102
FINNIFTY,211103,210903,211014
FINNIFTY,211109,211018,211109
FINNIFTY,211111,210913,211014
FINNIFTY,211116,211018,211116
FINNIFTY,211118,210917,211014
FINNIFTY,211123,211018,211123
FINNIFTY,211125,210827,211014
FINNIFTY,211130,211018,211130
FINNIFTY,211202,210924,211014
FINNIFTY,211207,211018,211207
FINNIFTY,211209,211008,211014
FINNIFTY,211214,211018,211214
FINNIFTY,211221,211020,211221
FINNIFTY,211228,211018,211228
FINNIFTY,211230,211001,211014
FINNIFTY,220104,211103,220104
FINNIFTY,220111,211110,220111
FINNIFTY,220118,211117,220118
FINNIFTY,220125,211027,220125
FINNIFTY,220201,211124,220201
FINNIFTY,220208,211208,220208
FINNIFTY,220215,211215,220215
FINNIFTY,220222,211201,220222
FINNIFTY,220228,211222,220228
FINNIFTY,220308,220105,220308
FINNIFTY,220315,220112,220315
FINNIFTY,220322,220119,220322
FINNIFTY,220329,211229,220329
FINNIFTY,220405,220202,220405
FINNIFTY,220412,220209,220412
FINNIFTY,220419,220216,220419
FINNIFTY,220426,220127,220426
FINNIFTY,220502,220302,220502
FINNIFTY,220510,220309,220510
FINNIFTY,220517,220316,220517
FINNIFTY,220524,220323,220524
FINNIFTY,220531,220223,220531
FINNIFTY,220607,220406,220607
FINNIFTY,220614,220413,220614
FINNIFTY,220621,220420,220621
FINNIFTY,220628,220330,220628
FINNIFTY,220705,220504,220705
FINNIFTY,220712,220511,220712
FINNIFTY,220719,220518,220719
FINNIFTY,220726,220427,220726
FINNIFTY,220802,220525,220802
FINNIFTY,220808,220608,220808
FINNIFTY,220816,220615,220816
FINNIFTY,220823,220622,220823
FINNIFTY,220830,220601,220830
FINNIFTY,220906,220706,220906
FINNIFTY,220913,220713,220913
FINNIFTY,220920,220720,220920
FINNIFTY,220927,220629,220927
FINNIFTY,221004,220803,221004
FINNIFTY,221011,220810,221011
FINNIFTY,221018,220817,221018
FINNIFTY,221025,220727,221025
FINNIFTY,221101,220824,221101
FINNIFTY,221107,220907,221107
FINNIFTY,221115,220914,221115
FINNIFTY,221122,220921,221122
FINNIFTY,221129,220901,221129
FINNIFTY,221206,221006,221206
FINNIFTY,221213,221012,221213
FINNIFTY,221220,221019,221220
FINNIFTY,221227,220928,221227
FINNIFTY,230103,221102,230103
FINNIFTY,230110,221109,230110
FINNIFTY,230117,221116,230117
FINNIFTY,230124,221123,230124
FINNIFTY,230131,221027,230131
FINNIFTY,230207,221207,230207
FINNIFTY,230214,230111,230214
FINNIFTY,230221,230118,230221
FINNIFTY,230228,221130,230228
FINNIFTY,230306,230125,230306
FINNIFTY,230314,230208,230314
FINNIFTY,230321,230215,230321
FINNIFTY,230328,221228,230328
FINNIFTY,230403,230222,230403
FINNIFTY,230411,230308,230411
FINNIFTY,230418,230315,230418
FINNIFTY,230425,230201,230425
FINNIFTY,230502,230322,230502
FINNIFTY,230509,230405,230509
FINNIFTY,230516,230412,230516
FINNIFTY,230523,230419,230523
FINNIFTY,230530,230301,230530
FINNIFTY,230606,230503,230606
FINNIFTY,230613,230510,230613
FINNIFTY,230620,230517,230620
FINNIFTY,230627,230329,230627
FINNIFTY,230704,230524,230704
FINNIFTY,230711,230607,230711
FINNIFTY,230718,230614,230718
FINNIFTY,230725,230426,230725
FINNIFTY,230801,230621,230801
FINNIFTY,230808,230705,230808
FINNIFTY,230814,230712,230814
FINNIFTY,230822,230719,230822
FINNIFTY,230829,230531,230829
FINNIFTY,230905,230802,230905
FINNIFTY,230912,230809,230912
FINNIFTY,230918,230816,230918
FINNIFTY,230926,230628,230926
FINNIFTY,231003,230823,231003
FINNIFTY,231010,230906,231010
FINNIFTY,231017,230913,231017
FINNIFTY,231023,230920,231023
FINNIFTY,231031,230726,231031
FINNIFTY,231107,231004,231107
FINNIFTY,231113,231011,231113
FINNIFTY,231121,231018,231121
FINNIFTY,231128,230830,231128
FINNIFTY,231205,231025,231205
FINNIFTY,231212,231108,231212
FINNIFTY,231219,231115,231219
FINNIFTY,231226,230927,231226
FINNIFTY,240102,231122,240102
FINNIFTY,240109,231206,240109
FINNIFTY,240116,231213,240116
FINNIFTY,240123,231220,240123
FINNIFTY,240130,231101,240130
FINNIFTY,240206,240103,240206
FINNIFTY,240213,240110,240213
FINNIFTY,240220,240117,240220
FINNIFTY,240227,231129,240227
FINNIFTY,240305,240124,240305
FINNIFTY,240312,240207,240312
FINNIFTY,240319,240214,240319
FINNIFTY,240326,231227,240326
FINNIFTY,240402,240221,240402
FINNIFTY,240409,240306,240409
FINNIFTY,240416,240313,240416
FINNIFTY,240423,240320,240423
FINNIFTY,240430,240131,240430
FINNIFTY,240507,240403,240507
FINNIFTY,240514,240410,240514
FINNIFTY,240521,240418,240521
FINNIFTY,240528,240228,240528
FINNIFTY,240604,240424,240604
FINNIFTY,240611,240508,240611
FINNIFTY,240618,240515,240618
FINNIFTY,240625,240327,240625
FINNIFTY,240702,240522,240702
FINNIFTY,240709,240605,240709
FINNIFTY,240716,240612,240716
FINNIFTY,240723,240619,240723
FINNIFTY,240730,240502,240730
FINNIFTY,240806,240703,240806
FINNIFTY,240813,240710,240813
FINNIFTY,240820,240718,240820
FINNIFTY,240827,240529,240827
FINNIFTY,240903,240724,240903
FINNIFTY,240910,240807,240910
FINNIFTY,240917,240814,240917
FINNIFTY,240924,240626,240924
FINNIFTY,241001,240821,241001
FINNIFTY,241008,240904,241008
FINNIFTY,241015,240911,241015
FINNIFTY,241022,240918,241022
FINNIFTY,241029,240731,241029
FINNIFTY,241105,241003,241105
FINNIFTY,241112,241009,241112
FINNIFTY,241119,241016,241119
FINNIFTY,241126,240828,241126
FINNIFTY,241231,240925,241231
FINNIFTY,250128,241030,250101
FINNIFTY,250130,250102,250130
FINNIFTY,250225,241127,250101
FINNIFTY,250227,250102,250227
FINNIFTY,250325,250101,250101
FINNIFTY,250327,250102,250327
FINNIFTY,250424,250131,250424
FINNIFTY,250529,250228,250529
FINNIFTY,250626,250328,250626
FINNIFTY,250731,250425,250731
FINNIFTY,250828,250530,250828
FINNIFTY,250930,250627,250930
FINNIFTY,251028,250801,251028
FINNIFTY,251125,250829,251125
FINNIFTY,251230,251001,251230
FINNIFTY,260127,251029,260127
FINNIFTY,260224,251126,260224
FINNIFTY,260330,251231,260330
FINNIFTY,260428,260128,260428
FINNIFTY,260526,260225,260526
FINNIFTY,260630,260401,260625
FINNIFTY,260728,260429,260625
FINNIFTY,260825,260527,260625
FOCIT,260527,260511,260527
FOCIT,260625,260526,260625
FOCIT,260730,260623,260625
FOCIT,260827,,
FOCIT,260924,,
MIDCPNIFTY,220125,220124,220125
MIDCPNIFTY,220201,220124,220201
MIDCPNIFTY,220208,220124,220208
MIDCPNIFTY,220215,220124,220215
MIDCPNIFTY,220222,220124,220222
MIDCPNIFTY,220228,220124,220228
MIDCPNIFTY,220308,220124,220308
MIDCPNIFTY,220315,220124,220315
MIDCPNIFTY,220322,220124,220322
MIDCPNIFTY,220329,220124,220329
MIDCPNIFTY,220405,220202,220405
MIDCPNIFTY,220412,220209,220412
MIDCPNIFTY,220419,220216,220419
MIDCPNIFTY,220426,220127,220426
MIDCPNIFTY,220502,220302,220502
MIDCPNIFTY,220510,220309,220510
MIDCPNIFTY,220517,220316,220517
MIDCPNIFTY,220524,220323,220524
MIDCPNIFTY,220531,220223,220531
MIDCPNIFTY,220607,220406,220607
MIDCPNIFTY,220614,220413,220614
MIDCPNIFTY,220621,220420,220621
MIDCPNIFTY,220628,220330,220628
MIDCPNIFTY,220705,220504,220705
MIDCPNIFTY,220712,220511,220712
MIDCPNIFTY,220719,220518,220719
MIDCPNIFTY,220726,220427,220726
MIDCPNIFTY,220802,220525,220802
MIDCPNIFTY,220808,220608,220808
MIDCPNIFTY,220816,220615,220816
MIDCPNIFTY,220823,220622,220823
MIDCPNIFTY,220830,220601,220830
MIDCPNIFTY,220906,220706,220906
MIDCPNIFTY,220913,220713,220913
MIDCPNIFTY,220920,220720,220920
MIDCPNIFTY,220927,220629,220927
MIDCPNIFTY,221004,220803,221004
MIDCPNIFTY,221011,220810,221011
MIDCPNIFTY,221018,220817,221018
MIDCPNIFTY,221025,220727,221025
MIDCPNIFTY,221101,220824,221101
MIDCPNIFTY,221107,220907,221107
MIDCPNIFTY,221115,220914,221115
MIDCPNIFTY,221122,220921,221122
MIDCPNIFTY,221129,220901,221129
MIDCPNIFTY,221206,221006,221206
MIDCPNIFTY,221213,221012,221213
MIDCPNIFTY,221220,221019,221220
MIDCPNIFTY,221227,220928,221227
MIDCPNIFTY,230103,221102,230103
MIDCPNIFTY,230110,221109,230110
MIDCPNIFTY,230117,221116,230117
MIDCPNIFTY,230124,221123,230124
MIDCPNIFTY,230131,221027,230131
MIDCPNIFTY,230207,221207,230207
MIDCPNIFTY,230214,230111,230214
MIDCPNIFTY,230221,230118,230221
MIDCPNIFTY,230228,221130,230228
MIDCPNIFTY,230306,230125,230306
MIDCPNIFTY,230314,230208,230314
MIDCPNIFTY,230321,230215,230321
MIDCPNIFTY,230328,221228,230328
MIDCPNIFTY,230403,230222,230403
MIDCPNIFTY,230411,230308,230411
MIDCPNIFTY,230418,230315,230418
MIDCPNIFTY,230425,230201,230425
MIDCPNIFTY,230502,230322,230425
MIDCPNIFTY,230503,230426,230503
MIDCPNIFTY,230509,230405,230425
MIDCPNIFTY,230510,230426,230510
MIDCPNIFTY,230516,230412,230425
MIDCPNIFTY,230517,230426,230517
MIDCPNIFTY,230523,230419,230425
MIDCPNIFTY,230524,230426,230524
MIDCPNIFTY,230530,230301,230425
MIDCPNIFTY,230531,230426,230531
MIDCPNIFTY,230607,230504,230607
MIDCPNIFTY,230614,230511,230614
MIDCPNIFTY,230621,230518,230621
MIDCPNIFTY,230627,230329,230627
MIDCPNIFTY,230705,230525,230705
MIDCPNIFTY,230712,230608,230712
MIDCPNIFTY,230719,230615,230719
MIDCPNIFTY,230726,230426,230726
MIDCPNIFTY,230802,230622,230802
MIDCPNIFTY,230809,230706,230809
MIDCPNIFTY,230816,230713,230816
MIDCPNIFTY,230821,230817,230821
MIDCPNIFTY,230823,230720,230816
MIDCPNIFTY,230828,230817,230828
MIDCPNIFTY,230830,230601,230816
MIDCPNIFTY,230904,230817,230904
MIDCPNIFTY,230906,230803,230816
MIDCPNIFTY,230911,230817,230911
MIDCPNIFTY,230913,230810,230816
MIDCPNIFTY,230918,230817,230918
MIDCPNIFTY,230925,230817,230925
MIDCPNIFTY,230927,230628,230816
MIDCPNIFTY,230929,230822,230929
MIDCPNIFTY,231009,230905,231009
MIDCPNIFTY,231016,230912,231016
MIDCPNIFTY,231023,230920,231023
MIDCPNIFTY,231025,230727,230816
MIDCPNIFTY,231030,230817,231030
MIDCPNIFTY,231106,231003,231106
MIDCPNIFTY,231113,231010,231113
MIDCPNIFTY,231120,231017,231120
MIDCPNIFTY,231124,230829,231124
MIDCPNIFTY,231204,231025,231204
MIDCPNIFTY,231211,231107,231211
MIDCPNIFTY,231218,231115,231218
MIDCPNIFTY,231222,230926,231222
MIDCPNIFTY,240101,231121,240101
MIDCPNIFTY,240108,231205,240108
MIDCPNIFTY,240115,231212,240115
MIDCPNIFTY,240122,231219,240120
MIDCPNIFTY,240129,231031,240129
MIDCPNIFTY,240205,240102,240205
MIDCPNIFTY,240212,240109,240212
MIDCPNIFTY,240219,240116,240219
MIDCPNIFTY,240226,231128,240226
MIDCPNIFTY,240304,240123,240304
MIDCPNIFTY,240311,240206,240311
MIDCPNIFTY,240318,240213,240318
MIDCPNIFTY,240322,231226,240322
MIDCPNIFTY,240401,240220,240401
MIDCPNIFTY,240408,240305,240408
MIDCPNIFTY,240415,240312,240415
MIDCPNIFTY,240422,240319,240422
MIDCPNIFTY,240429,240130,240429
MIDCPNIFTY,240506,240402,240506
MIDCPNIFTY,240513,240409,240513
MIDCPNIFTY,240517,240416,240517
MIDCPNIFTY,240527,240227,240527
MIDCPNIFTY,240603,240423,240603
MIDCPNIFTY,240610,240507,240610
MIDCPNIFTY,240614,240514,240614
MIDCPNIFTY,240624,240326,240624
MIDCPNIFTY,240701,240518,240701
MIDCPNIFTY,240708,240604,240708
MIDCPNIFTY,240715,240611,240715
MIDCPNIFTY,240722,240618,240722
MIDCPNIFTY,240729,240430,240729
MIDCPNIFTY,240805,240702,240805
MIDCPNIFTY,240812,240709,240812
MIDCPNIFTY,240819,240716,240819
MIDCPNIFTY,240826,240528,240826
MIDCPNIFTY,240902,240723,240902
MIDCPNIFTY,240909,240806,240909
MIDCPNIFTY,240916,240813,240916
MIDCPNIFTY,240923,240820,240923
MIDCPNIFTY,240930,240625,240930
MIDCPNIFTY,241007,240903,241007
MIDCPNIFTY,241014,240910,241014
MIDCPNIFTY,241021,240917,241021
MIDCPNIFTY,241028,240730,241028
MIDCPNIFTY,241104,240924,241104
MIDCPNIFTY,241111,241008,241111
MIDCPNIFTY,241118,241015,241118
MIDCPNIFTY,241125,240827,241125
MIDCPNIFTY,241230,241001,241230
MIDCPNIFTY,250127,241029,250101
MIDCPNIFTY,250130,250102,250130
MIDCPNIFTY,250224,241126,250101
MIDCPNIFTY,250227,250102,250227
MIDCPNIFTY,250327,250102,250327
MIDCPNIFTY,250331,241231,250101
MIDCPNIFTY,250424,250131,250424
MIDCPNIFTY,250529,250228,250529
MIDCPNIFTY,250626,250328,250626
MIDCPNIFTY,250731,250425,250731
MIDCPNIFTY,250828,250530,250828
MIDCPNIFTY,250930,250627,250930
MIDCPNIFTY,251028,250801,251028
MIDCPNIFTY,251125,250829,251125
MIDCPNIFTY,251230,251001,251230
MIDCPNIFTY,260127,251029,260127
MIDCPNIFTY,260224,251126,260224
MIDCPNIFTY,260330,251231,260330
MIDCPNIFTY,260428,260128,260428
MIDCPNIFTY,260526,260225,260526
MIDCPNIFTY,260630,260401,260625
MIDCPNIFTY,260728,260429,260625
MIDCPNIFTY,260825,260527,260625
NIFTY,190131,190101,190131
NIFTY,190214,190211,190214
NIFTY,190221,190211,190221
NIFTY,190228,190101,190228
NIFTY,190307,190211,190307
NIFTY,190314,190211,190314
NIFTY,190320,190211,190320
NIFTY,190328,190101,190328
NIFTY,190404,190211,190404
NIFTY,190411,190211,190411
NIFTY,190418,190215,190418
NIFTY,190425,190201,190425
NIFTY,190502,190222,190502
NIFTY,190509,190308,190509
NIFTY,190516,190315,190516
NIFTY,190523,190322,190523
NIFTY,190530,190301,190530
NIFTY,190606,190405,190606
NIFTY,190613,190412,190613
NIFTY,190620,190422,190620
NIFTY,190627,190101,190627
NIFTY,190704,190503,190704
NIFTY,190711,190510,190711
NIFTY,190718,190517,190718
NIFTY,190725,190426,190725
NIFTY,190801,190524,190801
NIFTY,190808,190607,190808
NIFTY,190814,190614,190814
NIFTY,190822,190621,190822
NIFTY,190829,190531,190829
NIFTY,190905,190705,190905
NIFTY,190912,190712,190912
NIFTY,190919,190719,190919
NIFTY,190926,190101,190926
NIFTY,191003,190802,191003
NIFTY,191010,190809,191010
NIFTY,191017,190816,191017
NIFTY,191024,190823,191024
NIFTY,191031,190726,191031
NIFTY,191107,190906,191107
NIFTY,191114,190913,191114
NIFTY,191121,190920,191121
NIFTY,191128,190830,191128
NIFTY,191205,191004,191205
NIFTY,191212,191011,191212
NIFTY,191219,191018,191219
NIFTY,191226,190101,191226
NIFTY,200102,191025,200102
NIFTY,200109,191108,200109
NIFTY,200116,191115,200116
NIFTY,200123,191122,200123
NIFTY,200130,191101,200130
NIFTY,200206,191206,200206
NIFTY,200213,191213,200213
NIFTY,200220,191220,200220
NIFTY,200227,191129,200227
NIFTY,200305,200103,200305
NIFTY,200312,200110,200312
NIFTY,200319,200117,200319
NIFTY,200326,190329,200326
NIFTY,200401,200124,200401
NIFTY,200409,200207,200409
NIFTY,200416,200214,200416
NIFTY,200423,200224,200423
NIFTY,200430,200131,200430
NIFTY,200507,200306,200507
NIFTY,200514,200313,200514
NIFTY,200521,200320,200521
NIFTY,200528,200228,200528
NIFTY,200604,200403,200604
NIFTY,200611,200413,200611
NIFTY,200618,200417,200618
NIFTY,200625,190101,200625
NIFTY,200702,200424,200702
NIFTY,200709,200508,200709
NIFTY,200716,200515,200716
NIFTY,200723,200522,200723
NIFTY,200730,200504,200730
NIFTY,200806,200605,200806
NIFTY,200813,200612,200813
NIFTY,200820,200619,200820
NIFTY,200827,200529,200827
NIFTY,200903,200703,200903
NIFTY,200910,200710,200910
NIFTY,200917,200717,200917
NIFTY,200924,190927,200924
NIFTY,201001,200724,201001
NIFTY,201008,200807,201008
NIFTY,201015,200814,201015
NIFTY,201022,200821,201022
NIFTY,201029,200731,201029
NIFTY,201105,200904,201105
NIFTY,201112,200911,201112
NIFTY,201119,200918,201119
NIFTY,201126,200828,201126
NIFTY,201203,201005,201203
NIFTY,201210,201009,201210
NIFTY,201217,201016,201217
NIFTY,201224,201023,201224
NIFTY,201231,190101,201231
NIFTY,210107,201106,210107
NIFTY,210114,201113,210114
NIFTY,210121,201120,210121
NIFTY,210128,201030,210128
NIFTY,210204,201204,210204
NIFTY,210211,201211,210211
NIFTY,210218,201218,210218
NIFTY,210225,201127,210225
NIFTY,210304,201228,210304
NIFTY,210310,210108,210310
NIFTY,210318,210115,210318
NIFTY,210325,200327,210325
NIFTY,210401,210122,210401
NIFTY,210408,210205,210408
NIFTY,210415,210212,210415
NIFTY,210422,210219,210422
NIFTY,210429,210129,210429
NIFTY,210506,210305,210506
NIFTY,210512,210312,210512
NIFTY,210520,210319,210520
NIFTY,210527,210226,210527
NIFTY,210603,210405,210603
NIFTY,210610,210409,210610
NIFTY,210617,210416,210617
NIFTY,210624,190101,210624
NIFTY,210701,210423,210701
NIFTY,210708,210507,210708
NIFTY,210715,210514,210715
NIFTY,210722,210521,210722
NIFTY,210729,210430,210729
NIFTY,210805,210604,210805
NIFTY,210812,210611,210812
NIFTY,210818,210618,210818
NIFTY,210826,210528,210826
NIFTY,210902,210702,210902
NIFTY,210909,210709,210909
NIFTY,210916,210716,210916
NIFTY,210923,210723,210923
NIFTY,210930,200925,210930
NIFTY,211007,210806,211007
NIFTY,211014,210813,211014
NIFTY,211021,210820,211021
NIFTY,211028,210730,211028
NIFTY,211103,210903,211103
NIFTY,211111,210913,211111
NIFTY,211118,210917,211118
NIFTY,211125,210827,211125
NIFTY,211202,210924,211202
NIFTY,211209,211008,211209
NIFTY,211216,211018,211216
NIFTY,211223,211022,211223
NIFTY,211230,190101,211230
NIFTY,220106,211104,220106
NIFTY,220113,211112,220113
NIFTY,220120,211122,220120
NIFTY,220127,211029,220127
NIFTY,220203,211203,220203
NIFTY,220210,211210,220210
NIFTY,220217,211217,220217
NIFTY,220224,211126,220224
NIFTY,220303,211224,220303
NIFTY,220310,220107,220310
NIFTY,220317,220114,220317
NIFTY,220324,220121,220324
NIFTY,220331,210326,220331
NIFTY,220407,220204,220407
NIFTY,220413,220211,220413
NIFTY,220421,220218,220421
NIFTY,220428,220128,220428
NIFTY,220505,220304,220505
NIFTY,220512,220311,220512
NIFTY,220519,220321,220519
NIFTY,220526,220225,220526
NIFTY,220602,220325,220602
NIFTY,220609,220408,220609
NIFTY,220616,220418,220616
NIFTY,220623,220422,220623
NIFTY,220630,190101,220630
NIFTY,220707,220506,220707
NIFTY,220714,220513,220714
NIFTY,220721,220520,220721
NIFTY,220728,220429,220728
NIFTY,220804,220603,220804
NIFTY,220811,220610,220811
NIFTY,220818,220617,220818
NIFTY,220825,220527,220825
NIFTY,220901,220624,220901
NIFTY,220908,220708,220908
NIFTY,220915,220715,220915
NIFTY,220922,220722,220922
NIFTY,220929,211001,220929
NIFTY,221006,220805,221006
NIFTY,221013,220812,221013
NIFTY,221020,220819,221020
NIFTY,221027,220729,221027
NIFTY,221103,220902,221103
NIFTY,221110,220909,221110
NIFTY,221117,220916,221117
NIFTY,221124,220826,221124
NIFTY,221201,220923,221201
NIFTY,221208,221007,221208
NIFTY,221215,221014,221215
NIFTY,221222,221021,221222
NIFTY,221229,190101,221229
NIFTY,230105,221104,230105
NIFTY,230112,221111,230112
NIFTY,230119,221118,230119
NIFTY,230125,221028,230125
NIFTY,230202,221202,230202
NIFTY,230209,221209,230209
NIFTY,230216,230113,230216
NIFTY,230223,221125,230223
NIFTY,230302,230120,230302
NIFTY,230309,230203,230309
NIFTY,230316,230210,230316
NIFTY,230323,230217,230323
NIFTY,230329,221222,230329
NIFTY,230330,220401,221221
NIFTY,230406,230303,230406
NIFTY,230413,230310,230413
NIFTY,230420,230317,230420
NIFTY,230427,230127,230427
NIFTY,230504,230324,230504
NIFTY,230511,230410,230511
NIFTY,230518,230417,230518
NIFTY,230525,230224,230525
NIFTY,230601,230421,230601
NIFTY,230608,230505,230608
NIFTY,230615,230512,230615
NIFTY,230622,230519,230622
NIFTY,230628,230628,230628
NIFTY,230629,190101,230627
NIFTY,230706,230602,230706
NIFTY,230713,230609,230713
NIFTY,230720,230616,230720
NIFTY,230727,230428,230727
NIFTY,230803,230623,230803
NIFTY,230810,230707,230810
NIFTY,230817,230714,230817
NIFTY,230824,230721,230824
NIFTY,230831,230526,230831
NIFTY,230907,230804,230907
NIFTY,230914,230811,230914
NIFTY,230921,230818,230921
NIFTY,230928,220930,230928
NIFTY,231005,230825,231005
NIFTY,231012,230908,231012
NIFTY,231019,230915,231019
NIFTY,231026,230728,231026
NIFTY,231102,230922,231102
NIFTY,231109,231006,231109
NIFTY,231116,231013,231116
NIFTY,231123,231020,231123
NIFTY,231130,230901,231130
NIFTY,231207,231103,231207
NIFTY,231214,231110,231214
NIFTY,231221,231117,231221
NIFTY,231228,190101,231228
NIFTY,240104,231124,240104
NIFTY,240111,231208,240111
NIFTY,240118,231215,240118
NIFTY,240125,231027,240125
NIFTY,240201,231222,240201
NIFTY,240208,240105,240208
NIFTY,240215,240112,240215
NIFTY,240222,240119,240222
NIFTY,240229,231201,240229
NIFTY,240307,240202,240307
NIFTY,240314,240209,240314
NIFTY,240321,240216,240321
NIFTY,240328,230331,240328
NIFTY,240404,240223,240404
NIFTY,240410,240311,240410
NIFTY,240418,240315,240418
NIFTY,240425,240129,240425
NIFTY,240502,240322,240502
NIFTY,240509,240405,240509
NIFTY,240516,240412,240516
NIFTY,240523,240419,240523
NIFTY,240530,240301,240530
NIFTY,240606,240503,240606
NIFTY,240613,240510,240613
NIFTY,240620,240517,240620
NIFTY,240627,190628,240627
NIFTY,240704,240524,240704
NIFTY,240711,240607,240711
NIFTY,240718,240614,240718
NIFTY,240725,240426,240725
NIFTY,240801,240621,240801
NIFTY,240808,240705,240808
NIFTY,240814,240712,240814
NIFTY,240822,240719,240822
NIFTY,240829,240531,240829
NIFTY,240905,240802,240905
NIFTY,240912,240809,240912
NIFTY,240919,240816,240919
NIFTY,240926,230929,240926
NIFTY,241003,240823,241003
NIFTY,241010,240906,241010
NIFTY,241017,240913,241017
NIFTY,241024,240920,241024
NIFTY,241031,240726,241031
NIFTY,241107,241004,241107
NIFTY,241114,241011,241114
NIFTY,241121,241018,241121
NIFTY,241128,240830,241128
NIFTY,241205,241025,241205
NIFTY,241212,241108,241212
NIFTY,241219,241118,241219
NIFTY,241226,191227,241226
NIFTY,250102,241122,250102
NIFTY,250109,241206,250109
NIFTY,250116,241213,250116
NIFTY,250123,241220,250123
NIFTY,250130,241101,250130
NIFTY,250206,250103,250206
NIFTY,250213,250110,250213
NIFTY,250220,250117,250220
NIFTY,250227,241129,250227
NIFTY,250306,250124,250306
NIFTY,250313,250207,250313
NIFTY,250320,250214,250320
NIFTY,250327,240401,250327
NIFTY,250403,250221,250403
NIFTY,250409,250307,250409
NIFTY,250417,250317,250417
NIFTY,250424,250131,250424
NIFTY,250430,250321,250430
NIFTY,250508,250404,250508
NIFTY,250515,250411,250515
NIFTY,250522,250421,250522
NIFTY,250529,250228,250529
NIFTY,250605,250502,250605
NIFTY,250612,250509,250612
NIFTY,250619,250516,250619
NIFTY,250626,200626,250626
NIFTY,250703,250523,250703
NIFTY,250710,250606,250710
NIFTY,250717,250613,250717
NIFTY,250724,250620,250724
NIFTY,250731,250425,250731
NIFTY,250807,250704,250807
NIFTY,250814,250711,250814
NIFTY,250821,250718,250821
NIFTY,250828,250530,250828
NIFTY,250902,250725,250902
NIFTY,250909,250808,250909
NIFTY,250916,250818,250916
NIFTY,250923,250822,250923
NIFTY,250925,240927,250731
NIFTY,250930,250801,250930
NIFTY,251007,250903,251007
NIFTY,251014,250910,251014
NIFTY,251020,250917,251020
NIFTY,251028,250801,251028
NIFTY,251104,250924,251104
NIFTY,251111,251008,251111
NIFTY,251118,251015,251118
NIFTY,251125,250829,251125
NIFTY,251202,251021,251202
NIFTY,251209,251106,251209
NIFTY,251216,251112,251216
NIFTY,251223,251119,251223
NIFTY,251224,210101,250731
NIFTY,251230,250801,251230
NIFTY,260106,251203,260106
NIFTY,260113,251210,260113
NIFTY,260120,251217,260120
NIFTY,260127,251029,260127
NIFTY,260203,251224,260203
NIFTY,260210,260107,260210
NIFTY,260217,260114,260217
NIFTY,260224,251126,260224
NIFTY,260302,260121,260302
NIFTY,260310,260204,260310
NIFTY,260317,260211,260317
NIFTY,260324,260218,260324
NIFTY,260326,250328,250731
NIFTY,260330,251229,260330
NIFTY,260331,250801,251226
NIFTY,260407,260304,260407
NIFTY,260413,260311,260413
NIFTY,260421,260318,260421
NIFTY,260428,260128,260428
NIFTY,260505,260325,260505
NIFTY,260512,260408,260512
NIFTY,260519,260415,260519
NIFTY,260526,260225,260526
NIFTY,260602,260422,260602
NIFTY,260609,260506,260609
NIFTY,260616,260513,260616
NIFTY,260623,260520,260623
NIFTY,260625,210625,250731
NIFTY,260630,250801,260625
NIFTY,260707,260603,260625
NIFTY,260714,260610,260625
NIFTY,260721,260617,260625
NIFTY,260728,260429,260625
NIFTY,260804,260624,260625
NIFTY,260825,260527,260625
NIFTY,260929,251001,260625
NIFTY,261229,250801,260625
NIFTY,261231,211231,250731
NIFTY,270330,260401,260625
NIFTY,270624,220701,250731
NIFTY,270629,250801,260625
NIFTY,271228,250801,260625
NIFTY,271230,221230,250731
NIFTY,280627,250801,260625
NIFTY,280629,230630,250731
NIFTY,281226,250801,260625
NIFTY,281228,231229,250731
NIFTY,290626,250801,260625
NIFTY,290628,240628,250731
NIFTY,291224,250801,260625
NIFTY,291227,241227,250731
NIFTY,300625,250627,260625
NIFTY,301231,251231,260625
NIFTYIT,190131,190101,190131
NIFTYIT,190228,190101,190228
NIFTYIT,190314,190311,190314
NIFTYIT,190320,190311,190320
NIFTYIT,190328,190101,190328
NIFTYIT,190404,190311,190404
NIFTYIT,190411,190311,190411
NIFTYIT,190418,190311,190418
NIFTYIT,190425,190201,190425
NIFTYIT,190502,190311,190502
NIFTYIT,190509,190311,190509
NIFTYIT,190516,190315,190516
NIFTYIT,190523,190322,190523
NIFTYIT,190530,190301,190530
NIFTYIT,190606,190405,190606
NIFTYIT,190613,190412,190613
NIFTYIT,190620,190422,190620
NIFTYIT,190627,190329,190627
NIFTYIT,190704,190503,190704
NIFTYIT,190711,190510,190711
NIFTYIT,190718,190517,190718
NIFTYIT,190725,190426,190725
NIFTYIT,190801,190524,190801
NIFTYIT,190808,190607,190808
NIFTYIT,190814,190614,190814
NIFTYIT,190822,190621,190822
NIFTYIT,190829,190531,190829
NIFTYIT,190905,190705,190905
NIFTYIT,190912,190712,190912
NIFTYIT,190919,190719,190919
NIFTYIT,190926,190628,190926
NIFTYIT,191003,190802,191003
NIFTYIT,191010,190809,191010
NIFTYIT,191017,190816,191017
NIFTYIT,191024,190823,191024
NIFTYIT,191031,190726,191031
NIFTYIT,191107,190906,191107
NIFTYIT,191114,190913,191114
NIFTYIT,191121,190920,191121
NIFTYIT,191128,190830,191128
NIFTYIT,191205,191004,191205
NIFTYIT,191212,191011,191212
NIFTYIT,191219,191018,191219
NIFTYIT,191226,190927,191226
NIFTYIT,200102,191025,200102
NIFTYIT,200109,191108,200109
NIFTYIT,200116,191115,200116
NIFTYIT,200123,191122,200123
NIFTYIT,200130,191101,200130
NIFTYIT,200206,191206,200206
NIFTYIT,200213,191213,200213
NIFTYIT,200220,191220,200220
NIFTYIT,200227,191129,200227
NIFTYIT,200305,200103,200305
NIFTYIT,200312,200110,200312
NIFTYIT,200319,200117,200319
NIFTYIT,200326,191227,200326
NIFTYIT,200401,200124,200401
NIFTYIT,200409,200207,200409
NIFTYIT,200416,200214,200416
NIFTYIT,200423,200224,200423
NIFTYIT,200430,200131,200430
NIFTYIT,200507,200306,200507
NIFTYIT,200514,200313,200514
NIFTYIT,200521,200320,200521
NIFTYIT,200528,200228,200528
NIFTYIT,200604,200403,200604
NIFTYIT,200625,200327,200625
NIFTYNXT50,240531,240424,240531
NIFTYNXT50,240628,240424,240628
NIFTYNXT50,240726,240424,240726
NIFTYNXT50,240830,240603,240830
NIFTYNXT50,240927,240701,240927
NIFTYNXT50,241025,240729,241025
NIFTYNXT50,241129,240902,241129
NIFTYNXT50,241227,240930,241227
NIFTYNXT50,250130,250102,250130
NIFTYNXT50,250131,241028,250101
NIFTYNXT50,250227,250102,250227
NIFTYNXT50,250228,241202,250101
NIFTYNXT50,250327,250102,250327
NIFTYNXT50,250328,241230,250101
NIFTYNXT50,250424,250131,250424
NIFTYNXT50,250529,250228,250529
NIFTYNXT50,250626,250328,250626
NIFTYNXT50,250731,250425,250731
NIFTYNXT50,250828,250530,250828
NIFTYNXT50,250930,250627,250930
NIFTYNXT50,251028,250801,251028
NIFTYNXT50,251125,250829,251125
NIFTYNXT50,251230,251001,251230
NIFTYNXT50,260127,251029,260127
NIFTYNXT50,260224,251126,260224
NIFTYNXT50,260330,251231,260330
NIFTYNXT50,260428,260128,260428
NIFTYNXT50,260526,260225,260526
NIFTYNXT50,260630,260401,260625
NIFTYNXT50,260728,260429,260625
NIFTYNXT50,260825,260527,260625
SENSEX,220818,220818,220818
SENSEX,220825,220818,220824
SENSEX,220901,220826,220901
SENSEX,220908,220901,220908
SENSEX,220915,220908,220915
SENSEX,220922,220915,220922
SENSEX,220929,220922,220928
SENSEX,221006,220930,221006
SENSEX,221013,221006,221013
SENSEX,221020,221013,221020
SENSEX,221027,221020,221027
SENSEX,221103,221027,221102
SENSEX,221110,221104,221110
SENSEX,221117,221110,221117
SENSEX,221124,221117,221124
SENSEX,221201,221124,221201
SENSEX,221208,221201,221208
SENSEX,221215,221208,221215
SENSEX,221222,221215,221222
SENSEX,221229,221222,221228
SENSEX,230105,221230,230105
SENSEX,230112,230105,230112
SENSEX,230119,230112,230119
SENSEX,230125,230119,230124
SENSEX,230202,230127,230202
SENSEX,230209,230202,230209
SENSEX,230216,230209,230216
SENSEX,230223,230216,230222
SENSEX,230302,230227,230302
SENSEX,230309,230302,230309
SENSEX,230316,230309,230315
SENSEX,230323,230317,230323
SENSEX,230329,230323,230329
SENSEX,230406,230329,230331
SENSEX,230427,230419,230427
SENSEX,230511,230511,230511
SENSEX,230518,230511,230512
SENSEX,230519,230515,230519
SENSEX,230525,230505,230516
SENSEX,230526,230519,230526
SENSEX,230602,230524,230602
SENSEX,230609,230602,230609
SENSEX,230616,230607,230616
SENSEX,230623,230614,230623
SENSEX,230630,230609,230630
SENSEX,230707,230627,230707
SENSEX,230714,230704,230714
SENSEX,230721,230712,230721
SENSEX,230728,230718,230728
SENSEX,230804,230724,230804
SENSEX,230811,230801,230811
SENSEX,230818,230807,230818
SENSEX,230825,230731,230825
SENSEX,230901,230821,230901
SENSEX,230908,230828,230908
SENSEX,230915,230901,230915
SENSEX,230922,230904,230921
SENSEX,230929,230828,230929
SENSEX,231006,230906,231006
SENSEX,231013,230918,231013
SENSEX,231020,231009,231020
SENSEX,231027,230928,231027
SENSEX,231103,231016,231103
SENSEX,231110,231025,231110
SENSEX,231117,231103,231117
SENSEX,231124,231027,231124
SENSEX,231201,231107,231201
SENSEX,231208,231123,231208
SENSEX,231215,231201,231215
SENSEX,231222,231201,231222
SENSEX,231229,231207,231229
SENSEX,240105,231226,240105
SENSEX,240112,240101,240112
SENSEX,240119,240108,240119
SENSEX,240125,231229,240125
SENSEX,240202,240112,240202
SENSEX,240209,240119,240209
SENSEX,240216,240202,240216
SENSEX,240223,240129,240223
SENSEX,240301,240216,240301
SENSEX,240307,240219,240307
SENSEX,240315,240304,240315
SENSEX,240322,240307,240322
SENSEX,240328,240301,240328
SENSEX,240405,240314,240405
SENSEX,240412,240321,240412
SENSEX,240419,240328,240419
SENSEX,240426,240314,240426
SENSEX,240503,240418,240503
SENSEX,240510,240423,240510
SENSEX,240517,240506,240517
SENSEX,240524,240506,240524
SENSEX,240531,240426,240531
SENSEX,240607,240515,240607
SENSEX,240614,240527,240614
SENSEX,240621,240607,240621
SENSEX,240628,240531,240628
SENSEX,240705,240610,240705
SENSEX,240712,240627,240712
SENSEX,240719,240618,240719
SENSEX,240726,240620,240726
SENSEX,240802,240719,240802
SENSEX,240809,240729,240809
SENSEX,240816,240723,240816
SENSEX,240823,240729,240823
SENSEX,240830,240724,240830
SENSEX,240906,240809,240906
SENSEX,240913,240830,240913
SENSEX,240920,240904,240920
SENSEX,240927,240827,240927
SENSEX,241004,240906,241004
SENSEX,241011,240918,241011
SENSEX,241018,240906,241018
SENSEX,241025,240809,241025
SENSEX,241031,241003,241031
SENSEX,241101,240924,240926
SENSEX,241108,241003,241108
SENSEX,241114,241101,241114
SENSEX,241122,241021,241122
SENSEX,241129,241021,241129
SENSEX,241206,241028,241206
SENSEX,241213,241107,241213
SENSEX,241220,241119,241220
SENSEX,241227,241010,241227
SENSEX,250103,241118,250103
SENSEX,250107,250101,250107
SENSEX,250110,241202,241231
SENSEX,250114,250101,250114
SENSEX,250117,241209,241231
SENSEX,250121,250101,250121
SENSEX,250128,250101,250128
SENSEX,250131,241104,241231
SENSEX,250204,250101,250204
SENSEX,250207,241230,241231
SENSEX,250211,250103,250211
SENSEX,250218,250113,250218
SENSEX,250225,250110,250225
SENSEX,250304,250130,250304
SENSEX,250311,250127,250311
SENSEX,250318,250204,250318
SENSEX,250325,250101,250325
SENSEX,250328,241231,241231
SENSEX,250401,250220,250401
SENSEX,250408,250224,250408
SENSEX,250415,250227,250415
SENSEX,250422,250305,250422
SENSEX,250429,250225,250429
SENSEX,250506,250321,250506
SENSEX,250513,250326,250513
SENSEX,250520,250403,250520
SENSEX,250527,250326,250527
SENSEX,250603,250416,250603
SENSEX,250610,250423,250610
SENSEX,250617,250502,250617
SENSEX,250624,250121,250624
SENSEX,250701,250515,250701
SENSEX,250708,250521,250708
SENSEX,250715,250528,250715
SENSEX,250722,250604,250722
SENSEX,250729,250514,250729
SENSEX,250805,250619,250805
SENSEX,250812,250630,250812
SENSEX,250819,250703,250819
SENSEX,250826,250602,250826
SENSEX,250904,250716,250904
SENSEX,250911,250725,250911
SENSEX,250918,250801,250918
SENSEX,250925,250708,250925
SENSEX,251001,250818,251001
SENSEX,251009,250826,251009
SENSEX,251016,250904,251016
SENSEX,251023,250911,251023
SENSEX,251030,250825,251030
SENSEX,251106,250925,251106
SENSEX,251113,251013,251113
SENSEX,251120,251008,251120
SENSEX,251127,250910,251127
SENSEX,251204,251030,251204
SENSEX,251211,251028,251211
SENSEX,251218,251121,251218
SENSEX,251224,250925,251224
SENSEX,260101,251125,260101
SENSEX,260108,251209,260108
SENSEX,260114,260113,260114
SENSEX,260115,251212,260112
SENSEX,260122,251205,260122
SENSEX,260129,251124,260129
SENSEX,260205,260101,260205
SENSEX,260212,260107,260212
SENSEX,260219,260107,260219
SENSEX,260226,251226,260226
SENSEX,260305,260202,260305
SENSEX,260312,260213,260312
SENSEX,260319,260209,260319
SENSEX,260325,251230,260325
SENSEX,260402,260304,260402
SENSEX,260409,260310,260409
SENSEX,260416,260312,260416
SENSEX,260423,260401,260423
SENSEX,260430,260216,260430
SENSEX,260507,260330,260507
SENSEX,260514,260406,260514
SENSEX,260521,260423,260521
SENSEX,260527,260330,260527
SENSEX,260604,260430,260604
SENSEX,260611,260511,260611
SENSEX,260618,260511,260618
SENSEX,260625,260119,260625
SENSEX,260702,260521,260625
SENSEX,260709,260603,260625
SENSEX,260716,260612,260625
SENSEX,260723,260615,260625
SENSEX,260730,260515,260625
SENSEX,260806,,
SENSEX,260813,,
SENSEX,260827,260625,260625
SENSEX,260924,,
SENSEX,261231,,
SENSEX,270325,,
SENSEX,270624,,
SENSEX,271230,,
SENSEX,280629,,
SENSEX,281228,,
SENSEX,290628,,
SENSEX,291227,,
SENSEX,300627,,
SENSEX,301226,,
SENSEX,310626,,
SENSEX50,241017,241011,241015
SENSEX50,241031,241031,241031
SENSEX50,241107,241107,241107
SENSEX50,241114,241114,241114
SENSEX50,241128,241127,241128
SENSEX50,241226,241226,241226
SENSEX50,250128,250110,250128
SENSEX50,250225,250213,250219
SENSEX50,250624,250624,250624
SENSEX50,251030,251015,251030
SENSEX50,251224,251215,251224
SENSEX50,260226,251215,260226
SENSEX50,260325,260323,260325